"";"seq";"name";"importance"
"1";"GGATGAACGCTGGCGGCGTGCTTAATACATGCAAGTCGAACGAAGAATTAGATAAGCTTGCTTAGCTAATTCTTAGTGGCGAACGGGTGAGTAATACATAAGCAACCTACCTCTTAGAAAGGGATAACCTCTGGAAACGGAAGCTAATACCTTATAGCTAATTAGATGGCATCATCTAATTACTAAAGATGCGTTTGCATCGCTAAGAGATGGGCTTATGGTGTATTAGCTAGTTGGTGAGGTAACTGCTCACCAAGGCCATGATACATAGCCGGCCTGAGAGGGTGAACGGCCACATTGGGACTGAGACACGGCCCAGA";"ASV_529_Unknown_genus_in_Firmicutes";100
"2";"GGATGAACGCTGGCGGCGTGCTTAATACATGCAAGTCGAACGAAGAATTAGATAAGCTTGCTTAGCTAATTCTTAGTGGCGAACGGGTGAGTAATACATAAGCAACCTACCTCTTAGAAAGGGATAACCTCTGGAAACGGAAGCTAATACCTTATAGCTAATTAGATGGCATCATCTAATTACTAAAGATGCGTTTGCATCGCTAAGAGATGGGCTTATGGTGTATTAGCTAGTTGGTGAGGTAACTGCTCACCAAGGCCATGATACATAGCCGGCCTGAGAGGGTGAACGGCCACATTGGGACTGAGACACGGCC";"ASV_281_Unknown_genus_in_Erysipelotrichaceae";88,0989183704754
"3";"TGTCGTGAGATGTTGGGTTAAGTCCCGCAACGAGCGCAACCCCTGTCCTTAGTAGCCAGCAGTAAGATGGGCACTCTAGGGAGACTGCCAGGGATAACCTGGAGGAAGGCGGGGACGACGTCAAATCATCATGCCCCTTATGATTTGGGCTACACACGTGCTACAATGGCGTAAACAAAGGGAAGCAAACCTGCGAGGGTANNNNNNNNNNCTGCAACTCGACTGCACGAAGCTGGAATCGCTAGTAATCGCAGATCAGAATGCTGCGGTGAATACGTTCCCGGGTCTTGTACACACCGCCCGTCACACCATGGGAGTCAGTAACGCCCGAAGTCAGTGACCTAACCGCAAGGAAGGAGCTGCCGAAGGCGGGACCGATAACTGGGGTGA";"ASV_573_Blautia";81,7266191456864
"4";"CCTCTAGCATATCCAGTATTAGAGGCACTGCCTGCCCAGTGACATAAGTTAAACGGCCGCGGTATCCTGACCGTGCAAAGGTAGCATAATCACTTGTTCTCTAAATAAGGACTAGTATGAATGGCCACACGAGGGTTTAACTGTCTCTTACTTCCAATCAGTGAAATTGACCTTCCCGTGAAGAGGCGGGAATACAACAATA";"ASV_776_Unknown_genus_in_Unknown_domain";76,5869126518558
"5";"TTATCTTTAGTAGCCAGCATTTCGGATGGGCACTCTAGAGAGACTGCCAGGGATAACCTGGAGGAAGGTGGGGATGACGTCAAATCATCATGCCCCTTATGATCAGGGCTACACACGTGCTACAATGGCGTAAACAAAGGGAAGCAGAGCCGCGAGGCCGAGCAAATCTCAAAAATAACGTCTCAGTTCGGATTGTAGTCTGCAANNNNNNNNNNCTGCAACTCGACTACATGAAGCTGGAATCGCTAGTAATCGCGAATCAGAATGTCGCGGTGAATACGTTCCCGGGTCTTGTACACACCGCCCGTCACACCATGGGAGTTGGTAACGCCCGAAGTCAGTGACCCAACCGTAAGGAGGGAGCTGCCGAAGGTGGGACCGATAACTGGGGTGA";"ASV_33_Dorea";52,4263787584271
"6";"GGATGAACGCTGGCGGCGCGCCTAACACATGCAAGTCGAACGGCACCCCACCTCGGTGGGAAGCGAGTGGCGAACGGCTGAGTAACACGTGGAGAACCCGCCCCCTCCTCCGGGATAGCCTCGGGAAACCGTGGGTAATACCGGATGACGCCCGGACGACGCATGTCGCCCGGGCCAAAGCCCAGACGGGAGGGGATGGCTCCGCGGCCCATCAGGTAGACGGCGGGGTGAAGGCCCACCGTGCCGACGACGGGTAGCCGGGTTGAGAGACCGACCGGCCAGATTGGGACTGAGACACGGCCCAGA";"ASV_516_Collinsella";51,452296866769
"7";"TCGTGACTAGTTGCTACTATTTAGTTAGAGAACTCTAGTCAGACTGCCGTGGATAACACGGAGGAAGGTGAGGATGACGTCAAATCATCACGTCCCTTATGTCTTGGGCTACAAACGTACTACAATGGCTATAACAAAGAGAAGCGAATCCGCGAGGAGGAGCAAAACTGATAAAAATAGTCTCAGTTCGGATTGCAGGCTGAAANNNNNNNNNNGTTCGGATTGCAGGCTGAAACTCGCCTGCATGAAGCTGGAATTGCTAGTAATCACAGGTCAGCATACTGTGGTGAATACGTTCCCGGGCCTTGTACACACCGCCCGTCACACCATGAGAGTTGATAATACCCGAAGTCCAAAGTAATTTGGCCGAAGGTAGGATTGATGATTAGGGTGA";"ASV_8_Unknown_genus_in_Unknown_domain";50,3999453995305
"8";"TTATCATTAGTTGCTACGCAAGAGCACTCTAATGAGACTGCCGTTGATAAAACGGAGGAAGGTGGGGATGACGTCAAATCATCATGCCCCTTATGACCTGGGCTACACACGTACTACAATGGTGATAAAACAGAGGGAAGCAACACAGCGATGTGAAGCAAATCCCGAAAAATCATCTCAGTTCAGATTGCAGGCTGCAACTCGCNNNNNNNNNNCTGCAACTCGCCTGCATGAAGTCGGAATTGCTAGTAATCGCGGATCAGCATGCCGCGGTGAATACGTTCCCGGGCCTTGTACACACCGCCCGTCACACCATGGGAGTCGGTAACACCCGAAGCCAGTAGCCTAACCGCAAGGAGGGCGCTGTCGAAGGTGGGATTGATGACTGGGGTGA";"ASV_15_Negativibacillus";48,4811001933084
"9";"TGTCGTGAGATGTTGGGTTAAGTCCCGCAACGAGCGCAACCCCTATCTTCAGTAGCCAGCAGTTCGGCTGGGCACTCTGGAGAGACTGCCAGGGATAACCTGGAGGAAGGTGGGGATGACGTCAAATCATCATGCCCCTTATGACCAGGGCTACACACGTGCTACAATGGCGTAAACAAAGGGAAGCAAAACTGTGAGGTCNNNNNNNNNNCTGCAACTCGACTACATGAAGCTGGAATCGCTAGTAATCGCGAATCAGCATGTCGCGGTGAATACGTTCCCGGGTCTTGTACACACCGCCCGTCACACCATGGGAGTCAGTAACGCCCGAAGTCAGTGACCCAACCGCAAGGAGGGAGCTGCCGAAGGTGGGACCGATAACTGGGGTGA";"ASV_568_Unknown_genus_in_Lachnospiraceae";44,1949862951491
"10";"TTGTCTTTAGTTGCCATCATTAAGTTGGGCACTCTAGAGAGACTGCCGGGGATAACTCGGAGGAAGGTGGGGATGACGTCAAATCATCATGCCCCTTATGTCCTGGGCTACACACGTGCTACAATGGCTGGTACAAAGAGACGCAAGACCGTGAGGTGGAGCAAATCTCAAAAACCAGCCCCAGTTCGGATTGTAGGCTGCAACTNNNNNNNNNNGGATTGTAGGCTGCAACTCGCCTACATGAAGTCGGAGTTGCTAGTAATCGTAGATCAGAATGCTACGGTGAATGCGTTCCCGGGTCTTGTACACACCGCCCGTCACACCATGGAAGTTGGGAGCGCCCAAAGTTGGCTAGTTAATAAGTTACCTAAGGTGAAACCAATGACTGGGGTGA";"ASV_66_.Eubacterium._brachy_group";34,9797673122204
"11";"GGATGAACGCTAGCTACAGGCTTAACACATGCAAGTCGAGGGGCAGCATGAACTTAGCTTGCTAAGTTTGATGGCGACCGGCGCACGGGTGCGTAACACGTATCCAATCTACCCGTCACTCGGGGATAGCCTTTCGAAAGAAAGATTAATACCCGATGGTATGAGAGAGCGGCATCGCTTTTTCATTAAAGATTTATCGGTGACGGATGAGGATGCGTACGATTAGCTAGTTGGCGGGGTAACGGCCCACCAAGGCGACGATCGTTAGGGGTTCTGAGAGGAAGGTCCCCCACACTGGAACTGAGACACGGTCCAGA";"ASV_508_Prevotellaceae_UCG.003";29,5699262230384
"12";"TTGCCATCAGTTGCCATCATTAAGTTGGGCACTCTGGTGGGACTGCCGGGGACAACTCGGAGGAAGGTGGGGATGACGTCAAATCATCATGCCCCTTATGTTCTGGGCTACACACGTGCTACAATGGCCGGTACAACAGGTCGCGAACCCGTGAGGGGGAGCCAATCCCAAAAACCGGTCCCAGTTCGGACTGCAGGCTGCAACCNNNNNNNNNNGGACTGCAGGCTGCAACCCGCCTGCACGAAGCCGGAGTTGCTAGTAATCGCGGATCAGAATGCCGCGGTGAATGCGTTCCCGGGTCTTGTACACACCGCCCGTCACACCATGGAAGTTGGGGGTGCCCAAAGTCGGTTAAGTAATAGATCGCCTAAGGCAAAACCAATGACTGGGGTGA";"ASV_46_.Eubacterium._nodatum_group";29,2844768334744
"13";"GGATGAACGCTGGCGGCGTGCCTAATACATGCAAGTCGAACGCAATACTTCGGTATTGAGTGGCGAACGGGTGAGTAAAAGATAAGTAACCTGCCTTTTGAAGGGGGATAACGTTTGGAAACGAACGCTAAGACCGCATAGGTGAGAGAATCGCATGAATTTCTCATTAAATATCCCACAAAGGATAGACAAGAGATGGACTTATCACGCATTAGCTAGTTGGTGAGGTAACGGCCCACCAAGGCGACGATGCGTAGCCGGCCTGAGAGGGCGGACGGCCACACTGGGACTGAGACACGGCCCAGA";"ASV_523_Candidatus_Stoquefichus";28,2742281972323
"14";"TGCTGTGAAGTGTCGGCTTAAGTGCCATAACGAGCGCAACCCTTGTCGTCAGTTGCCATCAGGTAATGCTGGGGACTCTGGCGAGACTGCCACCGCAAGGTGTGAGGAAGGGGGGGATGACGTCAAATCAGCACGGCCCTTACGTCCGGGGCGACACACGTGTTACAATGGTGGGTACAGAGGGAAGCTACCTGGTGACAGNNNNNNNNNNATTGGAGTCTGCAACTCGACTCCATGAAGTTGGATTCGCTAGTAATCGCGCATCAGCCATGGCGCGGTGAATACGTTCCCGGGCCTTGTACACACCGCCCGTCAAGCCATGGAAGCCGGGGGTGCCTGAAGTTCGTGACCGCGAGGAGCGACCTAGGGCAAAACTGGTAACTGGGGCTA";"ASV_559_Rikenellaceae_RC9_gut_group";27,529733368542
"15";"GGATGAACGCTAGCGATAGGCTTAACACATGCAAGTCGAGGGGCAGCGAGGTGTAGCAATACACTGTCGGCGACCGGCGCACGGGTGCGTAACACGTATGCAACCTACCCTGTATAGGAGGATAACCCGGAGAAATCCGGACTAATACTCCATAGTATTCATTGGAGGCATCTCCGATGACTTAAAGATTTATCGATACAGGCTGGGCATGCGGATGATTAGCTAGTTGGAGAGGTAACGGCTCCCCAAGGCAACGATCATTAGGGGTTCTGAGAGGAAGGTCCCCCACATTGGTACTGAGACACGGAC";"ASV_240_Unknown_genus_in_Paludibacteraceae";27,4355194951452
"16";"ATTTCGGCTCTCTTCTGGGCATCTGCCTGATCCTACAAATCCTAACAGGATTATTTCTAGCAATACACTACACATCCGATACAACAACAGCATTTTCCTCCGTCACCCACATTTGCCGAGATGTTAACTATGGCTGAATCATCCGATATATACACGCAAACGGAGCATCAATATTTTTCATCTGCCTATTTTTGCACGTAGGACGGGGCCTCTATTACGGGTCATATACCTTCCTAGAAACATGAAACGTTGGAGTAATCCTCTTATTCGCAACAATAGCCACAGCATTCATGGGCTACGTACTACCAT";"ASV_771_Unknown_genus_in_Eukarya";26,3242446043846
"17";"CAGTGGGGAATATTGCACAATGGGGGAAACCCTGATGCAGCGACGCCGCGTGAGCGATGAAGTATTTCGGTATGTAAAGCTCTATCAGCAGGGAAGAAAATGACGGTACCTGACTAAGAAGCACCGGCTAAATACGTGCCAGCAGCCGCGGTAATACGTATGGTGCAAGCGTTATCCGGATTTACTGGGTGTAAAGGGAGTGTNNNNNNNNNNGAAAACCCGGGGCTCAACCCCGGGACTGCATTGGAAACTATGCGACTAGAGTATCGGAGAGGTAAGCGGAATTCCTAGTGTAGCGGTGAAATGCGTAGATATTAGGAGGAACACCAGTGGCGAAGGCGGCTTACTGGACGATCACTGACGTTGAGGCTCGAAAGCGTGGGGAGCAAACAG";"ASV_545_.Ruminococcus._torques_group";22,2928802525882
"18";"GGATGAACGCTGGCGGCGTGCTTAACACATGCAAGTCGAACGATTAAACCGCCTTCGGGCGGACATAGAGTGGCGAACGGGTGAGTAACACGTGACCAACCTGCCCCTTCCTCCGGGACAACCTCGGGAAACCGAGGCTAATACCGGACGACCCGCGGGAGCCGCATGGCGCCCGCGGCAAAGCCCAGGCGGGAAGGGATGGGGTCGCGGCCCATCAGGTAGTAGGCGGGGTAACGGCCCACCTAGCTGACGACGGGTAGCCGCGCTGAGAGGCGGACCGGCCACATTGGGACTGAGACACGGCCCAGA";"ASV_527_Slackia";20,6134349694972
"19";"TTGTCTTTAGTTGCCATCATTTAGTTGGGCACTCTAGAGAGACTGCCAGGGATAACCTGGAGGAAGGTGGGGATGACGTCAAATCATCATGCCCCTTATGCCTAGGGCTACACACGTGCTACAATGGGTGGTACAGAGGGCAGCCAAACCGTGAGGTGGAGCAAATCCCTTAAAGCCATTCTCAGTTCGGATTGTAGGCTGAAACNNNNNNNNNNCTGAAACTCGCCTACATGAAGCTGGAGTTACTAGTAATCGCAGATCAGAATGCTGCGGTGAATGCGTTCCCGGGTCTTGTACACACCGCCCGTCACACCATGGGAGTTGGAGACACCCGAAGCCGATTGTCTAACCTTTTGGAAGAAGTCGTCGAAGGTGGAATCAATAACTGGGGTGA";"ASV_67_Peptoclostridium";20,1339269520736
"20";"TCTCAAAGTGTATATCGTCATTGCTGCGGTTAAAAAGCTCGTAGTTGGATCTGCGTCTTAGGACCTGGTCCGTCCATTGGACGTGAACTAGGCTCCTAGACTAAAATTATGCCAGTTTTCTTTACGTTACCTTGATTGGTTGCGTAAGGTTGCCGGCGAGTTTACCTTGAAAAAATTAGAGTGCTCAAAGCGGGCTTTTATGCCTGAATACTCGTGCATGGAATAATGAAATAGGATCTCGGTTCTATTTTGTTGGTTTTCTGATCTGGGATAATGGTTAAGAGGGACGGACGGGGGCATTCGTATCGCTGCGTGAGAGGTGAAATTCTTGGACCGTAGCGAGACGCCCGACTGCG";"ASV_626_Spirurida";17,7825534873647
